day,price,rate,total_base,a_supply,x_supply,treasury_ata,a_nav,x_nav,cr,leverage
0,100.00,1.000000,39.500549,899.543595,280.695736,39.853247,1.00,10.86,439.11%,1.2948
1,98.08,1.000136,39.500549,899.543595,280.695736,39.853247,1.00,10.59,430.71%,1.3023
2,97.53,1.000273,39.500549,899.543595,280.695736,39.853247,1.00,10.52,428.28%,1.3046
3,93.98,1.000411,39.500549,899.543595,280.695736,39.853247,1.00,10.02,412.71%,1.3197
4,91.84,1.000548,39.500549,899.543595,280.695736,39.853247,1.00,9.72,403.32%,1.3296
5,90.86,1.000685,39.500549,899.543595,280.695736,39.853247,1.00,9.58,398.99%,1.3344
6,93.10,1.000822,39.500549,899.543595,280.695736,39.853247,1.00,9.89,408.83%,1.3237
7,92.58,1.000959,39.500549,899.543595,280.695736,39.853247,1.00,9.82,406.56%,1.3261
8,89.29,1.001096,39.500549,899.543595,280.695736,39.853247,1.00,9.36,392.09%,1.3423
9,88.09,1.001233,39.500549,899.543595,280.695736,39.853247,1.00,9.19,386.83%,1.3486
10,82.48,1.001370,39.600686,907.803361,280.695736,39.953247,1.00,8.40,359.81%,1.3848
11,83.40,1.001507,39.600686,907.803361,280.695736,39.953247,1.00,8.53,363.83%,1.3790
12,85.07,1.001645,39.600686,907.803361,280.695736,39.953247,1.00,8.76,371.13%,1.3688
13,87.66,1.001782,39.600686,907.803361,280.695736,39.953247,1.00,9.13,382.39%,1.3541
14,88.31,1.001919,39.600686,907.803361,280.695736,39.953247,1.00,9.22,385.26%,1.3505
15,90.28,1.002056,39.600686,907.803361,280.695736,39.953247,1.00,9.50,393.83%,1.3403
16,92.14,1.002194,39.600686,907.803361,280.695736,39.953247,1.00,9.76,401.95%,1.3311
17,92.92,1.002331,39.600686,907.803361,280.695736,39.953247,1.00,9.87,405.38%,1.3274
18,90.27,1.002468,39.600686,907.803361,280.695736,39.953247,1.00,9.50,393.82%,1.3403
19,94.75,1.002605,39.600686,907.803361,280.695736,39.953247,1.00,10.13,413.35%,1.3191
20,93.07,1.002743,39.700961,917.135902,280.695736,40.053247,1.00,9.89,402.88%,1.3301
21,91.16,1.002880,39.700961,917.135902,280.695736,40.053247,1.00,9.62,394.65%,1.3393
22,90.09,1.003018,39.700961,917.135902,280.695736,40.053247,1.00,9.47,389.98%,1.3448
23,90.96,1.003155,39.700961,917.135902,280.695736,40.053247,1.00,9.59,393.75%,1.3404
24,91.54,1.003292,39.700961,917.135902,280.695736,40.053247,1.00,9.68,396.29%,1.3375
25,90.75,1.003430,39.700961,917.135902,280.695736,40.053247,1.00,9.56,392.87%,1.3414
26,88.54,1.003567,39.700961,917.135902,280.695736,40.053247,1.00,9.25,383.30%,1.3529
27,87.98,1.003705,39.700961,917.135902,280.695736,40.053247,1.00,9.17,380.88%,1.3560
28,88.55,1.003842,39.700961,917.135902,280.695736,40.053247,1.00,9.25,383.32%,1.3529
29,87.98,1.003980,39.700961,917.135902,280.695736,40.053247,1.00,9.17,380.88%,1.3560
30,88.36,1.004117,39.801373,926.009017,280.695736,40.153247,1.00,9.23,379.81%,1.3573
31,92.11,1.004255,39.801373,926.009017,280.695736,40.153247,1.00,9.76,395.92%,1.3379
32,89.51,1.004392,39.801373,926.009017,280.695736,40.153247,1.00,9.39,384.76%,1.3511
33,90.94,1.004530,39.801373,926.009017,280.695736,40.153247,1.00,9.59,390.89%,1.3437
34,90.14,1.004668,39.801373,926.009017,280.695736,40.153247,1.00,9.48,387.47%,1.3478
35,90.01,1.004805,39.801373,926.009017,280.695736,40.153247,1.00,9.46,386.89%,1.3485
36,90.64,1.004943,39.801373,926.009017,280.695736,40.153247,1.00,9.55,389.58%,1.3453
37,91.53,1.005081,39.801373,926.009017,280.695736,40.153247,1.00,9.67,393.41%,1.3408
38,95.35,1.005218,39.801373,926.009017,280.695736,40.153247,1.00,10.22,409.85%,1.3227
39,97.11,1.005356,39.801373,926.009017,280.695736,40.153247,1.00,10.47,417.43%,1.3150
40,94.91,1.005494,39.901922,935.552612,280.695736,40.253247,1.00,10.15,404.81%,1.3280
41,92.62,1.005631,39.901922,935.552612,280.695736,40.253247,1.00,9.83,395.03%,1.3389
42,92.24,1.005769,39.901922,935.552612,280.695736,40.253247,1.00,9.77,393.42%,1.3408
43,89.52,1.005907,39.901922,935.552612,280.695736,40.253247,1.00,9.39,381.83%,1.3548
44,89.15,1.006045,39.901922,935.552612,280.695736,40.253247,1.00,9.34,380.25%,1.3568
45,89.28,1.006182,39.901922,935.552612,280.695736,40.253247,1.00,9.35,380.81%,1.3561
46,87.07,1.006320,39.901922,935.552612,280.695736,40.253247,1.00,9.04,371.38%,1.3684
47,89.27,1.006458,39.901922,935.552612,280.695736,40.253247,1.00,9.35,380.77%,1.3561
48,88.67,1.006596,39.901922,935.552612,280.695736,40.253247,1.00,9.27,378.19%,1.3594
49,89.67,1.006734,39.901922,935.552612,280.695736,40.253247,1.00,9.41,382.48%,1.3540
50,85.88,1.006872,40.002609,944.200184,280.695736,40.353247,1.00,8.87,363.86%,1.3789
51,86.60,1.007010,40.002609,944.200184,280.695736,40.353247,1.00,8.97,366.92%,1.3746
52,86.76,1.007148,40.002609,944.200184,280.695736,40.353247,1.00,9.00,367.60%,1.3736
53,86.30,1.007286,40.002609,944.200184,280.695736,40.353247,1.00,8.93,365.64%,1.3764
54,83.77,1.007424,40.002609,944.200184,280.695736,40.353247,1.00,8.57,354.91%,1.3922
55,81.97,1.007562,40.002609,944.200184,280.695736,40.353247,1.00,8.31,347.31%,1.4043
56,82.61,1.007700,40.002609,944.200184,280.695736,40.353247,1.00,8.40,349.99%,1.4000
57,83.80,1.007838,40.002609,944.200184,280.695736,40.353247,1.00,8.57,355.06%,1.3920
58,84.45,1.007976,40.002609,944.200184,280.695736,40.353247,1.00,8.67,357.80%,1.3878
59,86.01,1.008114,40.002609,944.200184,280.695736,40.353247,1.00,8.89,364.42%,1.3781
60,85.36,1.008252,40.103434,952.807342,280.695736,40.453247,1.00,8.80,359.30%,1.3856
61,84.93,1.008390,40.103434,952.807342,280.695736,40.453247,1.00,8.74,357.50%,1.3883
62,86.08,1.008528,40.103434,952.807342,280.695736,40.453247,1.00,8.90,362.31%,1.3812
63,86.25,1.008666,40.103434,952.807342,280.695736,40.453247,1.00,8.92,363.05%,1.3801
64,84.52,1.008805,40.103434,952.807342,280.695736,40.453247,1.00,8.68,355.77%,1.3909
65,87.53,1.008943,40.103434,952.807342,280.695736,40.453247,1.00,9.11,368.44%,1.3725
66,87.14,1.009081,40.103434,952.807342,280.695736,40.453247,1.00,9.05,366.78%,1.3748
67,86.68,1.009219,40.103434,952.807342,280.695736,40.453247,1.00,8.99,364.87%,1.3775
68,89.22,1.009357,40.103434,952.807342,280.695736,40.453247,1.00,9.35,375.54%,1.3629
69,92.35,1.009496,40.103434,952.807342,280.695736,40.453247,1.00,9.80,388.73%,1.3463
70,94.30,1.009634,40.204398,962.328962,280.695736,40.553247,1.00,10.07,394.00%,1.3401
71,96.01,1.009772,40.204398,962.328962,280.695736,40.553247,1.00,10.32,401.13%,1.3320
72,95.45,1.009911,40.204398,962.328962,280.695736,40.553247,1.00,10.24,398.78%,1.3346
73,93.07,1.010049,40.204398,962.328962,280.695736,40.553247,1.00,9.90,388.86%,1.3461
74,92.10,1.010187,40.204398,962.328962,280.695736,40.553247,1.00,9.76,384.80%,1.3511
75,90.80,1.010326,40.204398,962.328962,280.695736,40.553247,1.00,9.57,379.38%,1.3579
76,90.39,1.010464,40.204398,962.328962,280.695736,40.553247,1.00,9.51,377.64%,1.3601
77,88.74,1.010603,40.204398,962.328962,280.695736,40.553247,1.00,9.28,370.76%,1.3693
78,87.09,1.010741,40.204398,962.328962,280.695736,40.553247,1.00,9.04,363.85%,1.3789
79,85.73,1.010879,40.204398,962.328962,280.695736,40.553247,1.00,8.85,358.18%,1.3873
80,84.58,1.011018,40.305500,970.880371,280.695736,40.653247,1.00,8.68,351.13%,1.3981
81,84.84,1.011156,40.305500,970.880371,280.695736,40.653247,1.00,8.72,352.21%,1.3964
82,83.74,1.011295,40.305500,970.880371,280.695736,40.653247,1.00,8.56,347.67%,1.4037
83,85.55,1.011433,40.305500,970.880371,280.695736,40.653247,1.00,8.82,355.17%,1.3918
84,88.08,1.011572,40.305500,970.880371,280.695736,40.653247,1.00,9.18,365.68%,1.3763
85,88.55,1.011711,40.305500,970.880371,280.695736,40.653247,1.00,9.25,367.63%,1.3736
86,86.99,1.011849,40.305500,970.880371,280.695736,40.653247,1.00,9.03,361.13%,1.3829
87,88.20,1.011988,40.305500,970.880371,280.695736,40.653247,1.00,9.20,366.17%,1.3756
88,87.13,1.012126,40.305500,970.880371,280.695736,40.653247,1.00,9.05,361.74%,1.3820
89,89.41,1.012265,40.305500,970.880371,280.695736,40.653247,1.00,9.38,371.21%,1.3687
90,90.49,1.012404,40.406740,980.042403,280.695736,40.753247,1.00,9.53,373.11%,1.3661